Date,Price,Url,Description
24/5,545.000 kr.,http://www.dba.dk/4894-4-244-788-1890/id-90710076/,"4894 4, 244, 788, 1890, Strandbyvej 1, 2535, 2098, 30000, Villa"
24/5,1.595.000 kr.,http://www.dba.dk/5471-landejendom-6-372/id-90710103/,"5471 Landejendom, 6, 372, 79493, 1871, Hannover 10, 7334, 6095, 80000"
24/5,3.995.000 kr.,http://www.dba.dk/8600-8-233-51584-1906/id-90710094/,"8600 8, 233, 51584, 1906, Sindingvej 59, 18268, 15251, 200000, Villa"
24/5,595.000 kr.,http://www.dba.dk/9480-4-124-700-1976/id-90710107/,"9480 4, 124, 700, 1976, Grønningen 10, 2779, 2306, 30000, Villa"
24/5,795.000 kr.,http://www.dba.dk/6830-5-174-2060-1938/id-94973620/,"6830 5, 174, 2060, 1938, Tarpvej 140, 3736, 3105, 40000, Villa"
24/5,545.000 kr.,http://www.dba.dk/4913-3-127-429-1877/id-94973609/,"4913 3, 127, 429, 1877, Fynbovej 48, 2526, 2071, 30000, Villa"
24/5,195.000 kr.,http://www.dba.dk/5800-1181-kertemindevej-121/id-92345897/,"5800 1181, Kertemindevej 121, Helårsgrund, 1046, 804, 25000"
24/5,998.000 kr.,http://www.dba.dk/8560-4-112-4410-1913/id-90631731/,"8560 4, 112, 4410, 1913, Sivestedvej 11, 4630, 3842, 50000, Villa"
24/5,1.295.000 kr.,http://www.dba.dk/7100-ejerlejlighed-4-101/id-90631632/,"7100 Ejerlejlighed, 4, 101, Aagade 2B, 1, 1900, 5900, 4979, 65000"
24/5,8.900.000 kr.,http://www.dba.dk/8370-landejendom-4-150/id-94973594/,"8370 Landejendom, 4, 150, 411701, byggeår:, Landevejen 223, bt. kr, nt. kr, 8900000"
24/5,999.000 kr.,http://www.dba.dk/6630-6-143-8106-1852-jels/id-94973567/,"6630 6, 143, 8106, 1852, Jels Skovvej 17, 4514, 3776, 50000, Villa"
24/5,995.000 kr.,http://www.dba.dk/7700-5-130-564-1943/id-92894151/,"7700 5, 130, 564, 1943, Voldgade 8, 4538, 3762, 50000, Villa"
24/5,1.695.000 kr.,http://www.dba.dk/4200-4-125-726-1968/id-94973541/,"4200 4, 125, 726, 1968, Valmuevej 5, 7793, 6540, 85000, Villa"
24/5,495.000 kr.,http://www.dba.dk/9800-1095-kompasset-grund/id-94973534/,"9800 1095, Kompasset - Grund J, Helårsgrund, bt. kr, nt. kr, 495000"
24/5,598.000 kr.,http://www.dba.dk/6971-ejerlejlighed-4-102/id-93628816/,"6971 Ejerlejlighed, 4, 102, Lindevej 9C, 1980, 2742, 2296, 30000"
24/5,4.375.000 kr.,http://www.dba.dk/5260-6-199-970-2007/id-94973512/,"5260 6, 199, 970, 2007, Rulkedalen 90B, 19994, 16783, 220000, Villa"
24/5,495.000 kr.,http://www.dba.dk/6280-6-114-615-1951/id-90631765/,"6280 6, 114, 615, 1951, Sejerslevvej 19, bt. kr, nt. kr, 495000, Villa"
24/5,1.395.000 kr.,http://www.dba.dk/9493-5-147-3241-1970/id-93105215/,"9493 5, 147, 3241, 1970, Bundgaardsvej 9, 6367, 5293, 70000, Villa"
24/5,1.495.000 kr.,http://www.dba.dk/9600-8-193-1100-1903/id-93628764/,"9600 8, 193, 1100, 1903, Østermarken 43, 6770, 5580, 75000, Villa"
24/5,1.273.000 kr.,http://www.dba.dk/6040-5-205-800-1971/id-91677582/,"6040 5, 205, 800, 1971, Kløvervænget 4, 5763, 4864, 65000, Villa"
24/5,1.350.000 kr.,http://www.dba.dk/9460-4-153-1065-1979-ole/id-94973405/,"9460 4, 153, 1065, 1979, Ole Langes Vej 50, 6096, 5062, 70000, Villa"
24/5,295.000 kr.,http://www.dba.dk/7760-579-bredgade-75/id-90652105/,"7760 579, Bredgade 75, Helårsgrund, 1576, 1239, 25000"
24/5,1.645.000 kr.,http://www.dba.dk/7323-6-169-1821-1967/id-100831031/,"7323 6, 169, 1821, 1967, Gyvelvej 8, 7460, 6298, 85000, Villa"
24/5,2.995.000 kr.,http://www.dba.dk/8600-5-216-1384-1980/id-93383089/,"8600 5, 216, 1384, 1980, Havretoften 4, 13528, 11248, 150000, Villa"
24/5,350.000 kr.,http://www.dba.dk/6900-4-155-735-1907/id-94973275/,"6900 4, 155, 735, 1907, Kirkebyvej 81, 1604, 1337, 25000, Villa"
24/5,1.665.000 kr.,http://www.dba.dk/8600-5-150-552-1950/id-93383072/,"8600 5, 150, 552, 1950, Høgdalvej 3, 7540, 6268, 85000, Villa"
24/5,1.395.000 kr.,http://www.dba.dk/7560-5-143-700-1973/id-90685093/,"7560 5, 143, 700, 1973, Lindevænget 10, 6276, 5244, 70000, Villa"
24/5,1.395.000 kr.,http://www.dba.dk/5600-5-175-1529-1995/id-92798446/,"5600 5, 175, 1529, 1995, Grønderupvej 9, 6297, 5227, 70000, Villa"
24/5,795.000 kr.,http://www.dba.dk/9870-3-110-703-1969/id-93628725/,"9870 3, 110, 703, 1969, Irisvej 12, 3691, 3063, 40000, Villa"
24/5,95.000 kr.,http://www.dba.dk/7323-900-skovparken-55/id-90706606/,"7323 900, Skovparken 55, Helårsgrund, 431, 353, 25000"
24/5,3.798.000 kr.,http://www.dba.dk/9000-5-134-655-1912/id-100826486/,"9000 5, 134, 655, 1912, Thorvaldsensvej 6, 17162, 14279, 190000, Villa"
24/5,2.145.000 kr.,http://www.dba.dk/8800-5-185-900-1973/id-100826252/,"8800 5, 185, 900, 1973, Amtmandshøjen 27, 9825, 8191, 110000, Villa"
24/5,1.195.000 kr.,http://www.dba.dk/9310-3-109-816-1976/id-100825399/,"9310 3, 109, 816, 1976, Nøddevej 33, bt. kr, nt. kr, ub. kr, Villa"
24/5,1.345.000 kr.,http://www.dba.dk/9310-3-80-700-1953/id-100825175/,"9310 3, 80, 700, 1953, Vodskovvej 66, 6283, 4963, 70000, Villa"
24/5,7.995.000 kr.,http://www.dba.dk/2950-6-200-1000-1996/id-100824823/,"2950 6, 200, 1000, 1996, Rønnebærtoften 5, 36220, 30855, 400000, Villa"
24/5,2.500.000 kr.,http://www.dba.dk/9300-landejendom-m2-246096/id-100824679/,"9300 Landejendom, m2, 246096, byggeår:, Albækskovvej 26, bt. kr, nt. kr, 2500000"
24/5,3.595.000 kr.,http://www.dba.dk/8700-6-170-1076-2006/id-100824444/,"8700 6, 170, 1076, 2006, Risengård 22, 16303, 13593, 180000, Villa"
24/5,3.145.000 kr.,http://www.dba.dk/8740-landejendom-5-184/id-93718089/,"8740 Landejendom, 5, 184, 80614, 1968, Hedelundvej 40, 14120, 11770, 160000"
24/5,1.495.000 kr.,http://www.dba.dk/7900-6-177-1509-1912/id-100823942/,"7900 6, 177, 1509, 1912, Frueled 28, 6820, 5647, 75000, Villa"
24/5,1.895.000 kr.,http://www.dba.dk/4800-5-149-1006-2014/id-93383001/,"4800 5, 149, 1006, 2014, Egehegnet 8, 8581, 7082, 95000, Villa"
24/5,4.695.000 kr.,http://www.dba.dk/4300-6-191-948-1890/id-100823834/,"4300 6, 191, 948, 1890, Kalundborgvej 55, 21308, 17773, 235000, Villa"
24/5,399.000 kr.,http://www.dba.dk/4990-4-78-293-1943-saxes/id-100823757/,"4990 4, 78, 293, 1943, Saxes Alle 11, 1822, 1511, 25000, Villa"
24/5,2.245.000 kr.,http://www.dba.dk/7130-5-150-1018-1997/id-100823750/,"7130 5, 150, 1018, 1997, Kejsdalen 64, 10140, 8436, 115000, Villa"
24/5,1.195.000 kr.,http://www.dba.dk/8800-6-173-825-1965/id-100823749/,"8800 6, 173, 825, 1965, Arildsvej 47, 5459, 4550, 60000, Villa"
24/5,2.600.000 kr.,http://www.dba.dk/4930-6-175-1474-1990/id-100414232/,"4930 6, 175, 1474, 1990, Pilevænget 44, 11750, 9646, 130000, Villa"
24/5,795.000 kr.,http://www.dba.dk/4200-ejerlejlighed-2-53/id-100823738/,"4200 Ejerlejlighed, 2, 53, Pilagervej 54, 1991, 3679, 3085, 40000"
24/5,2.195.000 kr.,http://www.dba.dk/8400-6-188-1301-2007/id-100823736/,"8400 6, 188, 1301, 2007, Vegavej 22, 9997, 8316, 110000, Villa"
24/5,795.000 kr.,http://www.dba.dk/7673-5-120-1170-1941/id-90705600/,"7673 5, 120, 1170, 1941, Kirkegade 14, 3658, 3038, 40000, Villa"
24/5,2.795.000 kr.,http://www.dba.dk/8600-4-147-1200-1957/id-100414230/,"8600 4, 147, 1200, 1957, Tyttebærvej 8, 12720, 10578, 140000, Villa"
24/5,3.150.000 kr.,http://www.dba.dk/8382-6-205-991-1972/id-101236556/,"8382 6, 205, 991, 1972, Rensdyrvej 10, 14410, 12008, 160000, Villa"
24/5,2.150.000 kr.,http://www.dba.dk/5210-6-154-666-1961/id-100823732/,"5210 6, 154, 666, 1961, Lupinvej 11, 9688, 8146, 110000, Villa"
24/5,1.795.000 kr.,http://www.dba.dk/4400-7-163-788-1966/id-93520951/,"4400 7, 163, 788, 1966, Syrenbakken 14, 8181, 6822, 90000, Villa"
24/5,2.495.000 kr.,http://www.dba.dk/5210-6-174-744-1969/id-100414228/,"5210 6, 174, 744, 1969, Musvågevej 34, 11335, 9511, 125000, Villa"
24/5,1.695.000 kr.,http://www.dba.dk/5462-5-146-920-1971-engvej/id-100823727/,"5462 5, 146, 920, 1971, Engvej 11, 7639, 6323, 85000, Villa"
24/5,395.000 kr.,http://www.dba.dk/4920-4-189-1541-1875/id-93213819/,"4920 4, 189, 1541, 1875, Stibankevejen 13, 1831, 1502, 25000, Villa"
24/5,3.295.000 kr.,http://www.dba.dk/2670-5-170-726-1966/id-101236543/,"2670 5, 170, 726, 1966, Hedager 42, 14973, 12613, 165000, Villa"
24/5,295.000 kr.,http://www.dba.dk/6541-6-120-1704-1907/id-100823726/,"6541 6, 120, 1704, 1907, Tirslundvej 12, 1345, 1123, 25000, Villa"
24/5,845.000 kr.,http://www.dba.dk/4672-10000-smedevaenget/id-90674065/,"4672 10000, Smedevænget, Helårsgrund, 4401, 3513, 45000"
24/5,1.125.000 kr.,http://www.dba.dk/4400-5-160-910-1960-gl/id-101236539/,"4400 5, 160, 910, 1960, Gl Rørbyvej 18, 5109, 4260, 60000, Villa"
24/5,3.250.000 kr.,http://www.dba.dk/8641-9-300-3519-1877/id-93105092/,"8641 9, 300, 3519, 1877, Høngevej 41, 15006, 12455, 165000, Villa"
24/5,8.850.000 kr.,http://www.dba.dk/3400-landejendom-8-220/id-101236536/,"3400 Landejendom, 8, 220, 118883, 1905, Torsholmsalle 6, bt. kr, nt. kr, ub. kr"
24/5,1.995.000 kr.,http://www.dba.dk/5000-4-148-768-1927/id-100823715/,"5000 4, 148, 768, 1927, Glentevej 24, 9157, 7684, 100000, Villa"
24/5,1.375.000 kr.,http://www.dba.dk/6520-5-176-2625-1977/id-100823714/,"6520 5, 176, 2625, 1977, Østergade 47, 6285, 5224, 70000, Villa"
24/5,1.295.000 kr.,http://www.dba.dk/5560-4-99-402-1877/id-101236437/,"5560 4, 99, 402, 1877, Bredgade 57, 5971, 4960, 65000, Villa"
24/5,2.995.000 kr.,http://www.dba.dk/8450-6-193-957-2006/id-101236415/,"8450 6, 193, 957, 2006, Harevænget 13, 13596, 11286, 150000, Villa"
24/5,2.750.000 kr.,http://www.dba.dk/2650-3-78-644-1957/id-101236406/,"2650 3, 78, 644, 1957, Ketilstorp Alle 76, 12582, 10520, 140000, Villa"
24/5,1.450.000 kr.,http://www.dba.dk/5500-5-120-292-1899/id-101236414/,"5500 5, 120, 292, 1899, Odensevej 54, 6602, 5477, 75000, Villa"
24/5,1.795.000 kr.,http://www.dba.dk/7250-landejendom-6-208/id-101236412/,"7250 Landejendom, 6, 208, 27051, 1915, Frodeslundvej 74, 8182, 6820, 90000"
24/5,575.000 kr.,http://www.dba.dk/5400-4-149-1713-1930/id-100823713/,"5400 4, 149, 1713, 1930, Halsvej 1, 2629, 2182, 30000, Villa"
24/5,1.875.000 kr.,http://www.dba.dk/8722-5-128-705-1988/id-100823712/,"8722 5, 128, 705, 1988, Olinesmindevej 23, 8618, 7171, 95000, Villa"
24/5,1.395.000 kr.,http://www.dba.dk/8722-5-144-1004-1962/id-100823711/,"8722 5, 144, 1004, 1962, Hedebogade 19, 6297, 5267, 70000, Villa"
24/5,795.000 kr.,http://www.dba.dk/6440-4-120-796-1965/id-100823709/,"6440 4, 120, 796, 1965, Vestergade 17, 3645, 3023, 40000, Villa"
24/5,1.298.000 kr.,http://www.dba.dk/6740-3-110-663-1974/id-100823705/,"6740 3, 110, 663, 1974, Gabelsvej 11, 5846, 4887, 65000, Villa"
24/5,395.000 kr.,http://www.dba.dk/7620-3-88-1447-1962/id-92283091/,"7620 3, 88, 1447, 1962, Thyborønvej 42, 1828, 1518, 25000, Villa"
24/5,2.395.000 kr.,http://www.dba.dk/8881-landejendom-5-145/id-100823702/,"8881 Landejendom, 5, 145, 66190, 1931, Tingvej 40, 10883, 9033, 120000"
24/5,3.600.000 kr.,http://www.dba.dk/4736-ejerlejlighed-4-184/id-100823699/,"4736 Ejerlejlighed, 4, 184, Karrebækvej 995 A, 1864, 16357, 13708, 180000"
24/5,4.000.000 kr.,http://www.dba.dk/9300-6-200-1364-1920/id-93213793/,"9300 6, 200, 1364, 1920, Algade 10, 18304, 15196, 200000, Villa"
24/5,1.980.000 kr.,http://www.dba.dk/8660-3-107-1107-1890/id-100823693/,"8660 3, 107, 1107, 1890, Århusvej 32, 9057, 7526, 100000, Villa"
24/5,995.000 kr.,http://www.dba.dk/8500-3-98-1362-1936/id-100823686/,"8500 3, 98, 1362, 1936, Århusvej 68, 4486, 3744, 50000, Villa"
24/5,2.395.000 kr.,http://www.dba.dk/4000-raekkehus-4-102-221/id-100414222/,"4000 Rækkehus, 4, 102, 221, 1958, Københavnsvej 96B, 10981, 9192, 120000"
24/5,1.175.000 kr.,http://www.dba.dk/5642-6-177-10501-1827/id-100823683/,"5642 6, 177, 10501, 1827, Østerbyvej 27, 5366, 4438, 60000, Villa"
24/5,5.995.000 kr.,http://www.dba.dk/2840-4-150-1000-1979/id-100823681/,"2840 4, 150, 1000, 1979, Hestefolden 12, 27032, 23024, 300000, Villa"
24/5,6.298.000 kr.,http://www.dba.dk/8240-6-186-731-1964/id-100823680/,"8240 6, 186, 731, 1964, Liljevej 6, 28495, 23921, 315000, Villa"
24/5,1.050.000 kr.,http://www.dba.dk/9900-3-158-709-1976-niels/id-100823678/,"9900 3, 158, 709, 1976, Niels Hjørnes Vej 5, 4837, 4014, 55000, Villa"
24/5,1.495.000 kr.,http://www.dba.dk/4640-6-148-1173-1976/id-101236400/,"4640 6, 148, 1173, 1976, Sandagervej 29, 6880, 5711, 75000, Villa"
24/5,995.000 kr.,http://www.dba.dk/9631-4-137-832-1946/id-101236392/,"9631 4, 137, 832, 1946, Østergade 64, 4560, 3743, 50000, Villa"
24/5,1.345.000 kr.,http://www.dba.dk/9830-4-152-796-1971/id-101236390/,"9830 4, 152, 796, 1971, Tårnvej 16, 6184, 5137, 70000, Villa"
24/5,935.000 kr.,http://www.dba.dk/6771-4-135-1597-1973/id-91677440/,"6771 4, 135, 1597, 1973, Vilslevvej 60, 4313, 3584, 50000, Villa"
24/5,2.998.000 kr.,http://www.dba.dk/8464-4-171-1712-1967/id-100823640/,"8464 4, 171, 1712, 1967, Voldbyvej 11, 13541, 11365, 150000, Villa"
24/5,1.195.000 kr.,http://www.dba.dk/6900-6-160-199-1900/id-100823620/,"6900 6, 160, 199, 1900, Bredgade 100A, 5413, 4537, 60000, Villa"
24/5,2.995.000 kr.,http://www.dba.dk/6920-landejendom-5-150/id-101236385/,"6920 Landejendom, 5, 150, 172240, 1970, Videbækvej 62, bt. kr, nt. kr, ub. kr"
24/5,695.000 kr.,http://www.dba.dk/6200-8-280-1300-1902-gml/id-97496207/,"6200 8, 280, 1300, 1902, Gml Bygade 3, 3236, 2696, 35000, Villa"
24/5,425.000 kr.,http://www.dba.dk/6900-1121-gl-ringkoebingvej/id-90685050/,"6900 1121, Gl. Ringkøbingvej 17, Helårsgrund, 2240, 1794, 25000"
24/5,525.000 kr.,http://www.dba.dk/4800-935-egehegnet-41/id-101236384/,"4800 935, Egehegnet 41, Helårsgrund, 2814, 2205, 30000"
24/5,1.995.000 kr.,http://www.dba.dk/8300-5-160-9522-1916/id-97496206/,"8300 5, 160, 9522, 1916, Horsensvej 228, 9033, 7529, 100000, Villa"
24/5,2.398.000 kr.,http://www.dba.dk/6700-6-137-614-1957/id-101236379/,"6700 6, 137, 614, 1957, Højtoftevej 27, 10948, 9107, 120000, Villa"
24/5,465.000 kr.,http://www.dba.dk/6200-792-gramsloekke-7/id-93382883/,"6200 792, Gramsløkke 7, Helårsgrund, 2501, 1975, 25000"
24/5,2.975.000 kr.,http://www.dba.dk/4760-5-202-1138-1966/id-100823605/,"4760 5, 202, 1138, 1966, Wesselsvej 18, 13645, 11351, 150000, Villa"
24/5,1.295.000 kr.,http://www.dba.dk/4571-5-165-755-1980/id-101236374/,"4571 5, 165, 755, 1980, Egebovej 5, 5969, 4940, 65000, Villa"
24/5,3.285.000 kr.,http://www.dba.dk/7500-7-235-3795-2011/id-101236373/,"7500 7, 235, 3795, 2011, Kofeltvej 6, 15015, 12539, 165000, Villa"
24/5,9.675.000 kr.,http://www.dba.dk/2100-ejerlejlighed-7-267/id-100823602/,"2100 Ejerlejlighed, 7, 267, Østerbrogade 96, 2, 1899, 43352, 36528, 485000"
24/5,3.098.000 kr.,http://www.dba.dk/4040-5-170-803-1993/id-101236364/,"4040 5, 170, 803, 1993, Birkevej 5, 14065, 11730, 155000, Villa"
24/5,299.000 kr.,http://www.dba.dk/4941-4-111-658-1935/id-91677430/,"4941 4, 111, 658, 1935, Birketvej 144, 1370, 1129, 25000, Villa"
24/5,3.495.000 kr.,http://www.dba.dk/2860-4-97-580-1954/id-100823569/,"2860 4, 97, 580, 1954, Fremtidsvej 39, 15796, 13315, 175000, Villa"
24/5,2.675.000 kr.,http://www.dba.dk/2860-ejerlejlighed-3-90/id-100823563/,"2860 Ejerlejlighed, 3, 90, Gladsaxevej 129, 1936, 12164, 10298, 135000"
24/5,695.000 kr.,http://www.dba.dk/6310-5-146-803-1937/id-91677426/,"6310 5, 146, 803, 1937, Nederballe 5, 3196, 2651, 35000, Villa"
24/5,895.000 kr.,http://www.dba.dk/7100-4-110-2490-1964/id-100823556/,"7100 4, 110, 2490, 1964, Jennumvej 165, 4129, 3484, 45000, Villa"
24/5,955.000 kr.,http://www.dba.dk/4330-965-kjaergaards-vaenge-33/id-100823549/,"4330 965, Kjærgårds Vænge 33, Helårsgrund, 5091, 4035, 50000"
24/5,395.000 kr.,http://www.dba.dk/6900-1075-gl-ringkoebingvej/id-90685031/,"6900 1075, Gl. Ringkøbingvej 25, Helårsgrund, 2077, 1663, 25000"
24/5,2.195.000 kr.,http://www.dba.dk/8830-7-250-5606-2007/id-93213736/,"8830 7, 250, 5606, 2007, Tinghøjvej 24, 9948, 8280, 110000, Villa"
24/5,685.000 kr.,http://www.dba.dk/7500-4-145-700-1970/id-101236339/,"7500 4, 145, 700, 1970, Bisgårdvej 13, 3182, 2654, 35000, Villa"
24/5,925.000 kr.,http://www.dba.dk/7700-ejerlejlighed-3-90/id-100823548/,"7700 Ejerlejlighed, 3, 90, Dragsbæk Fjordvej 1B, 1965, 4223, 3502, 50000"
24/5,2.650.000 kr.,http://www.dba.dk/7000-6-165-522-1938/id-100823546/,"7000 6, 165, 522, 1938, Gefionsvej 17, 12106, 10110, 135000, Villa"
24/5,795.000 kr.,http://www.dba.dk/5800-4-121-768-1908/id-101236334/,"5800 4, 121, 768, 1908, Kertemindevej 26, 3643, 3002, 40000, Villa"
24/5,250.000 kr.,http://www.dba.dk/4500-701-nyledsbakken-3/id-101236321/,"4500 701, Nyledsbakken 3, Helårsgrund, 1304, 1021, 25000"
24/5,3.898.000 kr.,http://www.dba.dk/4600-6-175-1184-2007/id-101236325/,"4600 6, 175, 1184, 2007, Ørum-Hansen Vej 4, 17754, 14838, 195000, Villa"
24/5,250.000 kr.,http://www.dba.dk/4500-629-nyledsbakken-1/id-101236319/,"4500 629, Nyledsbakken 1, Helårsgrund, 1304, 1021, 25000"
24/5,6.650.000 kr.,http://www.dba.dk/2791-6-143-850-1921/id-101236314/,"2791 6, 143, 850, 1921, Hollændervej 8, 29486, 24842, 335000, Villa"
24/5,1.025.000 kr.,http://www.dba.dk/8960-4-89-800-1964-drost/id-101236311/,"8960 4, 89, 800, 1964, Drost Peders Vej 11, 4603, 3847, 55000, Villa"
24/5,3.998.000 kr.,http://www.dba.dk/2000-ejerlejlighed-4-97/id-101236313/,"2000 Ejerlejlighed, 4, 97, Bernhard Bangs Alle 22, 3TH, 1929, 18187, 15465, 200000"
24/5,1.595.000 kr.,http://www.dba.dk/7442-6-204-698-1926/id-101236310/,"7442 6, 204, 698, 1926, Fundervej 74, 7190, 6014, 80000, Villa"
24/5,2.495.000 kr.,http://www.dba.dk/2670-4-89-747-1965-aaroejel/id-100823540/,"2670 4, 89, 747, 1965, Årøjel 22, 11318, 9533, 125000, Villa"
24/5,1.175.000 kr.,http://www.dba.dk/7000-4-120-800-1963/id-100823537/,"7000 4, 120, 800, 1963, Vidtskuevej 24, 5369, 4465, 60000, Villa"
24/5,1.495.000 kr.,http://www.dba.dk/5500-4-100-2051-1977/id-100823533/,"5500 4, 100, 2051, 1977, Sofiendalvej 21, 6827, 5663, 75000, Villa"
24/5,2.395.000 kr.,http://www.dba.dk/7560-landejendom-4-170/id-97496182/,"7560 Landejendom, 4, 170, 52200, 1888, Jegbjergvej 18, 10776, 9008, 120000"
24/5,2.595.000 kr.,http://www.dba.dk/4773-6-195-844-2008/id-90644986/,"4773 6, 195, 844, 2008, Åløkkevej 7, 11776, 9808, 130000, Villa"
24/5,2.495.000 kr.,http://www.dba.dk/6000-5-158-575-1979/id-100823527/,"6000 5, 158, 575, 1979, Frejasvej 71, 11305, 9434, 125000, Villa"
24/5,625.000 kr.,http://www.dba.dk/8930-ejerlejlighed-2-44/id-93717952/,"8930 Ejerlejlighed, 2, 44, Løvenholmvej 6E, 1975, 2875, 2388, 35000"
24/5,1.295.000 kr.,http://www.dba.dk/8870-4-145-620-1920/id-100414197/,"8870 4, 145, 620, 1920, Villavej 56, 5917, 4917, 65000, Villa"
24/5,1.145.000 kr.,http://www.dba.dk/8600-1000-hjortekaeret-13/id-94343621/,"8600 1000, Hjortekæret 13, Helårsgrund, 6050, 4785, 60000"
24/5,585.000 kr.,http://www.dba.dk/9300-4-130-837-1855/id-100414187/,"9300 4, 130, 837, 1855, Ålborgvej 202, 2713, 2240, 30000, Villa"
24/5,1.995.000 kr.,http://www.dba.dk/4990-5-175-1037-2006/id-97496166/,"4990 5, 175, 1037, 2006, Sukkervænget 3, 9079, 7494, 100000, Villa"
24/5,2.395.000 kr.,http://www.dba.dk/8300-4-148-952-1969-gl/id-100823514/,"8300 4, 148, 952, 1969, Gl Krovej 30, 10981, 9189, 120000, Villa"
24/5,250.000 kr.,http://www.dba.dk/4500-703-nyledsbakken-5/id-101236307/,"4500 703, Nyledsbakken 5, Helårsgrund, 1304, 1021, 25000"
24/5,2.595.000 kr.,http://www.dba.dk/4873-6-212-1235-1971/id-94139811/,"4873 6, 212, 1235, 1971, Avnbøgvej 6, 11898, 9860, 130000, Villa"
24/5,1.575.000 kr.,http://www.dba.dk/6300-5-165-947-1956/id-93105006/,"6300 5, 165, 947, 1956, Borggade 8, 7134, 5926, 80000, Villa"
24/5,495.000 kr.,http://www.dba.dk/9870-4-108-885-1968/id-101236300/,"9870 4, 108, 885, 1968, Møllegade 10, 2325, 1928, 25000, Villa"
24/5,3.495.000 kr.,http://www.dba.dk/2800-ejerlejlighed-3-115/id-101236298/,"2800 Ejerlejlighed, 3, 115, Carlshøjvej 5, 1tv, 1931, 15946, 13519, 175000"
24/5,2.245.000 kr.,http://www.dba.dk/6990-4-152-1063-1998/id-101236297/,"6990 4, 152, 1063, 1998, Søparken 11, 10186, 8475, 115000, Villa"
24/5,2.895.000 kr.,http://www.dba.dk/8700-5-172-1070-2007/id-94973041/,"8700 5, 172, 1070, 2007, Brombærhegnet 10, 13079, 10902, 145000, Villa"
24/5,3.500.000 kr.,http://www.dba.dk/9800-6-318-2630-1973/id-93382843/,"9800 6, 318, 2630, 1973, Klonhøjvej 20, 16015, 13308, 175000, Villa"
24/5,1.395.000 kr.,http://www.dba.dk/7500-4-105-551-1925/id-97496082/,"7500 4, 105, 551, 1925, Skivevej 75, 6357, 5287, 70000, Villa"
24/5,2.900.000 kr.,http://www.dba.dk/4736-ejerlejlighed-4-139/id-100823503/,"4736 Ejerlejlighed, 4, 139, Karrebækvej 995 B, 1864, 13189, 11052, 145000"
24/5,1.895.000 kr.,http://www.dba.dk/6630-6-260-11764-1929/id-100414177/,"6630 6, 260, 11764, 1929, Haderslevvej 22, 8624, 7198, 95000, Villa"
24/5,1.195.000 kr.,http://www.dba.dk/7451-4-126-1354-1905/id-101236292/,"7451 4, 126, 1354, 1905, Linnebjergvej 24, 5469, 4584, 60000, Villa"
24/5,1.995.000 kr.,http://www.dba.dk/7100-6-147-1136-1999/id-97496079/,"7100 6, 147, 1136, 1999, Tingbakken 10, 9053, 7530, 100000, Villa"
24/5,795.000 kr.,http://www.dba.dk/4891-5-130-1380-1939/id-93382832/,"4891 5, 130, 1380, 1939, Grænge Skovvej 1, 3692, 3057, 40000, Villa"
24/5,6.195.000 kr.,http://www.dba.dk/1468-ejerlejlighed-3-140/id-101236289/,"1468 Ejerlejlighed, 3, 140, Løngangstræde 21 A, 4tv, 1877, 28028, 23720, 310000"
24/5,945.000 kr.,http://www.dba.dk/6600-5-146-374-1929-vester/id-100823488/,"6600 5, 146, 374, 1929, Vester Alle 12, 4307, 3585, 50000, Villa"
24/5,1.068.000 kr.,http://www.dba.dk/8400-5-116-1071-1986-holme/id-100823486/,"8400 5, 116, 1071, 1986, Holme Bygade 2 E, 4890, 4066, 55000, Villa"
24/5,865.000 kr.,http://www.dba.dk/3782-5-128-874-1850/id-92892527/,"3782 5, 128, 874, 1850, Splitsgårdsvej 45, 3949, 3265, 45000, Villa"
24/5,545.000 kr.,http://www.dba.dk/6240-5-132-281-1840-storeg/id-100823485/,"6240 5, 132, 281, 1840, Storeg 4 Klosterg 20 4, 2518, 2004, 30000, Villa"
24/5,1.295.000 kr.,http://www.dba.dk/4750-8-181-17773-1958/id-101236285/,"4750 8, 181, 17773, 1958, Københavnsvej 554, 5969, 4988, 65000, Villa"
24/5,1.895.000 kr.,http://www.dba.dk/7730-6-234-1100-1917/id-94883022/,"7730 6, 234, 1100, 1917, Baunvej 10, 8585, 7119, 95000, Villa"
24/5,22.000.000 kr.,http://www.dba.dk/2680-11-483-2407-1996/id-101236283/,"2680 11, 483, 2407, 1996, Parkvænget 12, 100154, 84406, 1100000, Villa"
24/5,1.495.000 kr.,http://www.dba.dk/4690-6-153-913-1954/id-100823483/,"4690 6, 153, 913, 1954, Parcelvej 21, 6725, 5593, 75000, Villa"
24/5,850.000 kr.,http://www.dba.dk/8600-5-120-1055-1918-linaa/id-90674148/,"8600 5, 120, 1055, 1918, Linå Bygade 32, 3882, 3226, 45000, Villa"
24/5,2.088.000 kr.,http://www.dba.dk/4773-5-154-844-2007/id-101236282/,"4773 5, 154, 844, 2007, Åløkkevej 5, 9499, 7911, 105000, Villa"
24/5,4.275.000 kr.,http://www.dba.dk/8410-landejendom-8-213/id-93382814/,"8410 Landejendom, 8, 213, 139094, 1888, Randersvej 5, 20476, 16770, 215000"
24/5,2.195.000 kr.,http://www.dba.dk/6683-landejendom-5-200/id-100823475/,"6683 Landejendom, 5, 200, 26502, 1933, Stenderup Knudevej 7, bt. kr, nt. kr, ub. kr"
24/5,525.000 kr.,http://www.dba.dk/4700-ejerlejlighed-vaer-45/id-100823473/,"4700 Ejerlejlighed, vær, 45, Odensevej 50, 1969, 2426, 2022, 30000"
24/5,4.595.000 kr.,http://www.dba.dk/8000-ejerlejlighed-5-136/id-101236279/,"8000 Ejerlejlighed, 5, 136, Bülowsgade 14B, 1884, bt. kr, nt. kr, ub. kr"
24/5,1.075.000 kr.,http://www.dba.dk/9330-4-146-900-1973/id-101236278/,"9330 4, 146, 900, 1973, Slettensvej 5, 4869, 4026, 55000, Villa"
24/5,1.895.000 kr.,http://www.dba.dk/7441-8-251-593-1920/id-94882983/,"7441 8, 251, 593, 1920, Bredgade 29, 8625, 7220, 95000, Villa"
24/5,3.450.000 kr.,http://www.dba.dk/2942-ejerlejlighed-4-100/id-100823468/,"2942 Ejerlejlighed, 4, 100, Skodsborg Strandvej 153, 1tv., 1935, 15621, 13305, 175000"
24/5,1.495.000 kr.,http://www.dba.dk/7080-4-128-788-1960/id-93926382/,"7080 4, 128, 788, 1960, Toftevej 14, 6768, 5744, 75000, Villa"
24/5,695.000 kr.,http://www.dba.dk/4470-2-90-530-1939/id-97495911/,"4470 2, 90, 530, 1939, Rugtvedvej 16, 3147, 2636, 35000, Villa"
24/5,1.995.000 kr.,http://www.dba.dk/5900-12-432-2399-1909/id-94343486/,"5900 12, 432, 2399, 1909, Langegade 18 og 18A, 9077, 7413, 100000, Villa"
24/5,4.750.000 kr.,http://www.dba.dk/4600-ejerlejlighed-3-124/id-101236271/,"4600 Ejerlejlighed, 3, 124, Strandpromenaden 55, 2tv, 301, 2017, 21635, 18149, 240000"
24/5,1.245.000 kr.,http://www.dba.dk/6400-5-137-721-1970/id-101236265/,"6400 5, 137, 721, 1970, Hybenvej 1, 5699, 4732, 65000, Villa"
24/5,2.600.000 kr.,http://www.dba.dk/4621-landejendom-4-135/id-101236262/,"4621 Landejendom, 4, 135, 10000, 1950, Ramsøvejen 36, 12432, 10186, 130000"
24/5,1.995.000 kr.,http://www.dba.dk/8200-ejerlejlighed-2-63/id-101236267/,"8200 Ejerlejlighed, 2, 63, Skovvangsvej 62, 3tv, 1950, 8895, 7505, 100000"
24/5,5.095.000 kr.,http://www.dba.dk/9400-ejerlejlighed-4-143/id-101236264/,"9400 Ejerlejlighed, 4, 143, Mellem Broerne 17, 2mf., 2006, 22972, 19114, 255000"
24/5,1.225.000 kr.,http://www.dba.dk/4450-3-87-395-1930/id-101236205/,"4450 3, 87, 395, 1930, Skolevej 5, 5627, 4709, 65000, Villa"
24/5,1.725.000 kr.,http://www.dba.dk/9900-ejerlejlighed-2-101/id-101236105/,"9900 Ejerlejlighed, 2, 101, Nordre Skanse 35, 1th, 2007, 7907, 6564, 90000"
24/5,4.300.000 kr.,http://www.dba.dk/7330-9-266-4493-2008/id-101236109/,"7330 9, 266, 4493, 2008, Nørrekær 3, 19492, 16251, 215000, Villa"
24/5,3.300.000 kr.,http://www.dba.dk/2650-5-161-640-1974/id-101236093/,"2650 5, 161, 640, 1974, Hvidovreskellet 25, 14807, 12403, 165000, Villa"
24/5,450.000 kr.,http://www.dba.dk/3700-3-91-481-1948/id-101236091/,"3700 3, 91, 481, 1948, Kærbyvej 13, 2077, 1715, 25000, Villa"
24/5,1.598.000 kr.,http://www.dba.dk/6740-8-214-776-1969/id-101236088/,"6740 8, 214, 776, 1969, Engparken 18, 7350, 6135, 80000, Villa"
24/5,1.195.000 kr.,http://www.dba.dk/7800-4-162-700-1974/id-101236089/,"7800 4, 162, 700, 1974, Banevænget 2B, 5469, 4544, 60000, Villa"
24/5,1.465.000 kr.,http://www.dba.dk/7755-5-150-15954-1912/id-101236090/,"7755 5, 150, 15954, 1912, Oddesundvej 232, 6674, 5535, 75000, Villa"
24/5,925.000 kr.,http://www.dba.dk/6230-4-127-838-1967/id-94882935/,"6230 4, 127, 838, 1967, Vestertoft 34, 4223, 3508, 50000, Villa"
24/5,1.095.000 kr.,http://www.dba.dk/6430-4-108-568-2011/id-94343457/,"6430 4, 108, 568, 2011, Tingholm 78, 4916, 4102, 55000, Villa"
24/5,435.000 kr.,http://www.dba.dk/8585-931-havet-98-a/id-90645045/,"8585 931, Havet 98 A, Helårsgrund, bt. kr, nt. kr, 435000"
24/5,895.000 kr.,http://www.dba.dk/5771-4-121-1654-1894/id-93382789/,"5771 4, 121, 1654, 1894, Rødmevej 15, 4090, 3363, 45000, Villa"
24/5,895.000 kr.,http://www.dba.dk/5642-3-166-713-1972/id-100823423/,"5642 3, 166, 713, 1972, Søvænget 18, 4107, 3395, 45000, Villa"
24/5,3.795.000 kr.,http://www.dba.dk/2880-4-128-722-1959/id-100823406/,"2880 4, 128, 722, 1959, Jægergangen 12, 17016, 14423, 190000, Villa"
24/5,2.549.000 kr.,http://www.dba.dk/5230-7-163-643-1968/id-100823400/,"5230 7, 163, 643, 1968, Ølstedgårdvej 30, 11437, 9617, 130000, Villa"
24/5,1.125.000 kr.,http://www.dba.dk/4780-3-112-1099-1875/id-97800617/,"4780 3, 112, 1099, 1875, Frenderupgade 22, 5592, 4472, 60000, Villa"
24/5,845.000 kr.,http://www.dba.dk/4862-4-124-706-1954/id-101607682/,"4862 4, 124, 706, 1954, Sundvej 3, 3838, 3166, 45000, Villa"
24/5,1.295.000 kr.,http://www.dba.dk/6830-7-192-856-1970/id-101607681/,"6830 7, 192, 856, 1970, Vestergårds Fenne 4, 5972, 4995, 65000, Villa"
24/5,3.495.000 kr.,http://www.dba.dk/3450-raekkehus-4-127-238/id-101607674/,"3450 Rækkehus, 4, 127, 238, 2018, Drabæk Huse 31, 15835, 13320, 175000"
24/5,2.795.000 kr.,http://www.dba.dk/7100-landejendom-6-165/id-101607673/,"7100 Landejendom, 6, 165, 125650, 1900, Holtumvej 58, 12756, 10772, 140000"
24/5,699.000 kr.,http://www.dba.dk/9881-4-120-4850-1905/id-100823297/,"9881 4, 120, 4850, 1905, Trynbakkevej 9 A, 3226, 2675, 35000, Villa"
24/5,1.150.000 kr.,http://www.dba.dk/8000-ejerlejlighed-vaer-46/id-101607652/,"8000 Ejerlejlighed, vær, 46, Marselis Boulevard 34, 5mf, 1967, 5196, 4384, 60000"
24/5,1.350.000 kr.,http://www.dba.dk/4873-3-80-914-1938-boetoevej/id-93213657/,"4873 3, 80, 914, 1938, Bøtøvej 158, 6154, 5109, 70000, Villa"
24/5,3.295.000 kr.,http://www.dba.dk/3450-raekkehus-4-120-176/id-101607624/,"3450 Rækkehus, 4, 120, 176, 2018, Drabæk Huse 12, 14932, 12561, 165000"
24/5,1.595.000 kr.,http://www.dba.dk/6630-6-255-1058-1928/id-97800549/,"6630 6, 255, 1058, 1928, Københovedvej 65, 7282, 6062, 80000, Villa"
24/5,3.195.000 kr.,http://www.dba.dk/2770-3-87-692-1939/id-101607614/,"2770 3, 87, 692, 1939, Sandkåsvej 12, 14386, 12263, 160000, Villa"
24/5,3.295.000 kr.,http://www.dba.dk/2300-ejerlejlighed-3-91/id-101607612/,"2300 Ejerlejlighed, 3, 91, C.F. Møllers Allé 10, 4TV, 2007, 14890, 12545, 165000"
24/5,4.195.000 kr.,http://www.dba.dk/5250-6-286-2188-1973/id-101607600/,"5250 6, 286, 2188, 1973, Fredens Allé 20, 19154, 16077, 210000, Villa"
24/5,1.695.000 kr.,http://www.dba.dk/8930-6-164-841-1975/id-97800547/,"8930 6, 164, 841, 1975, Fjordbakken 28, 7793, 6502, 85000, Villa"
24/5,325.000 kr.,http://www.dba.dk/4180-1320-lorupvej-4/id-100565016/,"4180 1320, Lorupvej 4, Helårsgrund, 1694, 1341, 25000"
24/5,1.747.000 kr.,http://www.dba.dk/7870-8-195-733-1971/id-99870845/,"7870 8, 195, 733, 1971, Vanddalen 8, 7904, 6569, 90000, Villa"
24/5,985.000 kr.,http://www.dba.dk/5935-4-117-1460-1877/id-101607598/,"5935 4, 117, 1460, 1877, Vestervej 19, 4498, 3671, 50000, Villa"
24/5,2.395.000 kr.,http://www.dba.dk/2500-ejerlejlighed-2-76/id-101607599/,"2500 Ejerlejlighed, 2, 76, Vigerslevvej 245, 1tv, 2017, 10870, 9157, 120000"
24/5,1.095.000 kr.,http://www.dba.dk/8700-4-99-846-1877/id-90676867/,"8700 4, 99, 846, 1877, Hanstedvej 44, 5012, 4176, 55000, Villa"
24/5,1.495.000 kr.,http://www.dba.dk/9230-10-264-1081-1932/id-101607592/,"9230 10, 264, 1081, 1932, Guldbækvej 82, 6816, 5655, 75000, Villa"
24/5,2.645.000 kr.,http://www.dba.dk/4160-3-190-24574-1808/id-101607591/,"4160 3, 190, 24574, 1808, Trælløsevej 53, 12090, 10090, 135000, Villa"
24/5,5.600.000 kr.,http://www.dba.dk/8680-6-227-856-2012/id-101607589/,"8680 6, 227, 856, 2012, Haardalen 15, 25582, 21341, 280000, Villa"
